id,slug,article_type,word_count,min_required,shortfall,title
56859,nico-hoerner-laughed-off-a-fastball-to-his-head-like-a-psycho,news,426,600,174,"Nico Hoerner Laughed Off A Fastball To His Head Like A Psycho"
56861,white-sox-2026-top-prospects-no-2-solves-their-biggest-issue,news,565,600,35,"White Sox 2026 Top Prospects: No. 2 Solves Their Biggest Issue"
56864,white-sox-2026-top-prospects-no-4-looks-to-be-the-next-ace,news,593,600,7,"White Sox 2026 Top Prospects: No. 4 Looks To Be The Next Ace"
56866,nico-hoerner-wants-a-re-do-confronting-dalton-rushing,news,432,600,168,"Nico Hoerner Wants a Re-Do Confronting Dalton Rushing"
56874,desperate-chicago-cubs-grab-pitcher-from-white-sox,news,540,600,60,"Desperate Chicago Cubs Grab Pitcher from White Sox"
56870,chicago-cubs-have-the-perfect-replacement-if-dansby-swansons-ass-doesnt-heal-soon,news,583,600,17,"Chicago Cubs Have the Perfect Replacement If Dansby Swanson's Ass Doesn't Heal Soon"
56883,white-sox-2026-top-prospects-no-6-is-the-best-defensive-prospect,news,570,600,30,"White Sox 2026 Top Prospects: No. 6 Is The Best Defensive Prospect"
56437,chicago-cubs-catastrophe-justin-steele-suffers-setback,news,575,600,25,"Chicago Cubs Catastrophe: Justin Steele Suffers Setback"
56442,chicago-cubs-lose-new-fan-favorite-for-two-months,news,577,600,23,"Chicago Cubs Lose New Fan Favorite for Two Months"
56444,oregon-dc-drops-eye-opening-dillon-thieneman-prediction-and-theres-real-weight-behind-it,news,579,600,21,"Oregon DC Drops Eye-Opening Dillon Thieneman Prediction — And There’s Real Weight Behind It"
56031,relief-is-on-the-way-for-depleted-chicago-cubs-bullpen,news,521,600,79,"Relief Is On the Way for Depleted Chicago Cubs Bullpen"
56032,yacksel-rios-a-journeyman-who-can-save-the-chicago-cubs,news,586,600,14,"Yacksel Ríos: A Journeyman Who Can Save the Chicago Cubs?"
56034,riley-martin-sacrificed-his-health-to-save-the-chicago-cubs-in-a-desperate-moment,news,481,600,119,"Riley Martin Sacrificed His Health to Save the Chicago Cubs in a Desperate Moment"
55243,white-sox-2026-top-prospects-no-11-is-a-high-upside-lefty,news,578,600,22,"White Sox 2026 Top Prospects: No. 11 Is A High-Upside Lefty"
55248,kyle-teel-experiences-another-setback-in-white-sox-return,news,508,600,92,"Kyle Teel Experiences Another Setback In White Sox Return"
54838,ben-johnson-may-have-found-his-perfect-gadget-weapon-in-zavion-thomas,news,565,600,35,"Why Zavion Thomas Has A Real Chance To Become An Immediate Factor In Bears Offense"
54845,sam-roush-how-the-bears-once-again-got-weird-in-the-3rd-round,news,436,600,164,"Sam Roush? How The Bears Once Again Got Weird In The 3rd Round"
54469,white-sox-have-a-rising-prospect-turning-heads-everywhere,news,550,600,50,"White Sox Have A Rising Prospect Turning Heads Everywhere"
54463,trade-alert-chicago-cubs-bring-back-an-old-friend,news,422,600,178,"Trade Alert: Chicago Cubs Bring Back An Old Friend"
54464,disaster-strikes-again-another-major-injury-hits-chicago-cubs-bullpen,news,393,600,207,"Disaster Strikes Again: Another Major Injury Hits Chicago Cubs Bullpen"
54452,former-top-prospect-is-forcing-his-way-back-into-the-white-sox-plans,news,535,600,65,"Former Top Prospect Is Forcing His Way Back Into The White Sox Plans"
54472,blackhawks-buzz-chicago-reportedly-could-be-all-in-on-dallas-superstar,news,570,600,30,"Blackhawks Buzz: Chicago Reportedly Could Be All-In On Dallas Superstar"
54477,chicago-cubs-free-agent-target-lucas-giolito-finally-signs,news,594,600,6,"Chicago Cubs Free Agent Target Lucas Giolito Finally Signs"
54479,rat-running-wild-at-wrigley-field-freaks-out-philadelphia-phillies,news,268,600,332,"Rat Running Wild At Wrigley Field Freaks Out Philadelphia Phillies"
53988,dave-roberts-fires-back-at-chicago-cubs-manager-craig-counsell,news,537,600,63,"Dave Roberts Fires Back at Chicago Cubs Manager Craig Counsell"
53991,mark-mcgwires-son-is-turning-heads-with-the-chicago-cubs,news,480,600,120,"Mark McGwire's Son Is Turning Heads with the Chicago Cubs"
53992,most-overlooked-free-agent-signing-is-saving-the-chicago-cubs,news,562,600,38,"Most Overlooked Free Agent Signing Is Saving the Chicago Cubs"
53080,block-type-showcase-every-sm-edge-content-block,news,246,600,354,"Block Type Showcase: Every SM Edge Content Block in One Article"
53077,bears-offensive-line-overhaul-caleb-williams-breakout-2025,news,226,600,374,"Bears Offensive Line Overhaul Sets Stage for Caleb Williams's Breakout"
53078,should-bulls-trade-zach-lavine-great-debate-2026,news,144,600,456,"Should the Bulls Trade Zach LaVine? The Great Chicago Debate"
53079,cubs-land-ace-pitcher-blockbuster-120m-deal-2026,news,213,600,387,"Cubs Land Ace Pitcher in Blockbuster M Deal"
52647,chicago-cubs-make-roster-move-after-daniel-palencia-injury,news,591,600,9,"Chicago Cubs Make Roster Move After Daniel Palencia Injury"
52649,ishbias-rail-yard-plan-raises-new-questions-about-white-sox-future-home,news,572,600,28,"Ishbia’s Rail Yard Plan Raises New Questions About White Sox Future Home"
52211,chicago-cubs-came-this-close-to-losing-edward-cabrera-to-horrific-injury,news,593,600,7,"Chicago Cubs Came This Close to Losing Edward Cabrera To Horrific Injury"
52212,chicago-cubs-pitching-injuries-are-out-of-control,news,512,600,88,"Chicago Cubs Pitching Injuries Are Out of Control"
52213,a-season-in-review-what-went-right-for-the-blackhawks-this-season,news,534,600,66,"A Season In Review: What Went Right For The Blackhawks This Season"
52216,signs-growing-the-chicago-bears-have-made-their-decision-on-a-stadium-location,news,568,600,32,"Signs Growing The Chicago Bears Have Made Their Decision On A Stadium Location"
52214,cade-hortons-recovery-timeline-is-a-lot-longer-than-everyone-hoped-for,news,530,600,70,"Cade Horton's Recovery Timeline Is A Lot Longer Than Everyone Hoped For"
52218,chicago-cubs-fans-need-to-slow-their-roll-on-kevin-alcantara,news,544,600,56,"Chicago Cubs Fans Need to Slow Their Roll on Kevin Alcántara"
52219,by-far-the-best-storyline-of-the-2026-chicago-cubs,news,519,600,81,"By Far the Best Storyline of the 2026 Chicago Cubs"
51787,blackhawks-ownership-expresses-belief-in-davidson-plan-with-new-extension,news,554,600,46,"Blackhawks Ownership Expresses Belief In ‘Davidson Plan’ With New Extension"
51779,the-chicago-bears-are-one-move-away-but-ryan-poles-is-playing-with-fire,news,549,600,51,"The Chicago Bears Are One Move Away… But Ryan Poles Is Playing With Fire"
51790,how-the-chicago-bears-are-now-causing-packer-on-packer-violence,news,592,600,8,"How The Chicago Bears Are Now Causing Packer On Packer Violence"
51375,top-chicago-cubs-pitching-prospect-placed-on-injured-list,news,442,600,158,"Top Chicago Cubs Pitching Prospect Placed on Injured List"
51376,another-chicago-cubs-pitcher-will-undergo-season-ending-surgery,news,474,600,126,"Another Chicago Cubs Pitcher Will Undergo Season-Ending Surgery"
51379,chicago-cubs-injury-came-right-out-of-a-final-destination-movie-type-freak-accident,news,538,600,62,"Chicago Cubs Injury Came Right Out of a Final Destination Movie-Type Freak Accident"
51380,the-chicago-cubs-have-competition-to-sign-lucas-giolito,news,588,600,12,"The Chicago Cubs Have Competition to Sign Lucas Giolito"
51381,chicago-cubs-announcer-perfectly-predicted-carson-kellys-first-home-run-of-the-season,news,598,600,2,"Chicago Cubs Announcer Perfectly Predicted Carson Kelly's First Home Run of the Season"
51382,chicago-officially-lands-another-first-round-pick-in-the-2026-nba-draft,news,556,600,44,"Chicago Officially Lands Another First-Round Pick In The 2026 NBA Draft"
50971,chicago-cubs-making-drastic-change-to-bullpen,news,537,600,63,"Chicago Cubs Making Drastic Change to Bullpen"
50982,how-simple-math-tells-us-what-the-chicago-bears-will-do-in-the-1st-round,news,599,600,1,"How Simple Math Tells Us What The Chicago Bears Will Do In The 1st Round"
50972,chicago-cubs-change-starting-pitcher-after-getting-crushed-by-the-philadelphia-phillies,news,522,600,78,"Chicago Cubs Change Starting Pitcher After Getting Crushed by the Philadelphia Phillies"
50973,javier-assads-worst-career-start-craig-counsell-to-blame,news,580,600,20,"Javier Assad's Worst Career Start: Craig Counsell to Blame?"
50578,white-sox-gamble-on-upside-in-surprise-trade,news,494,600,106,"White Sox Gamble On Upside In Surprise Trade"
50579,is-craig-counsell-changing-his-mind-with-michael-busch,news,481,600,119,"Is Craig Counsell Changing His Mind with Michael Busch?"
50584,crucial-call-goes-chicago-cubs-way-before-completing-crazy-comeback-win,news,529,600,71,"Crucial Call Goes Chicago Cubs Way Before Completing Crazy Comeback Win"
50195,chicago-cubs-bullpen-becoming-a-nightmare-another-top-free-agent-injured,news,562,600,38,"Chicago Cubs Bullpen Becoming A Nightmare: Another Top Free Agent Injured"
49822,the-white-sox-arent-messing-around-anymore-2,news,557,600,43,"The White Sox Aren't Messing Around Anymore"
49449,an-overlooked-reason-the-chicago-bears-will-likely-take-a-1st-round-ot,news,589,600,11,"An Overlooked Reason The Chicago Bears Will Likely Take A 1st Round OT"
49453,big-chicago-cubs-free-agent-signing-placed-on-injured-list,news,551,600,49,"Big Chicago Cubs Free Agent Signing Placed on Injured List"
49454,chicago-cubs-get-rid-of-outfielder-to-make-room-for-seiya-suzukis-return,news,473,600,127,"Chicago Cubs Get Rid of Outfielder to Make Room for Seiya Suzuki's Return"
48983,time-to-tank-who-to-root-for-as-blackhawks-eye-another-first-overall-pick,news,459,600,141,"Time To Tank: Who To Root For As Blackhawks Eye Another First Overall Pick"
48986,new-chicago-cubs-injury-could-make-upcoming-roster-move-surprising,news,516,600,84,"New Chicago Cubs Injury Could Make Upcoming Roster Move Surprising"
48522,white-sox-send-opening-day-starter-to-minors-after-control-issues-persist,news,576,600,24,"White Sox Send Opening Day Starter To Minors After Control Issues Persist"
48524,a-baby-might-have-unlocked-the-2026-chicago-cubs-offense,news,532,600,68,"A Baby Might Have Unlocked the 2026 Chicago Cubs Offense"
48526,ex-chicago-cubs-and-white-sox-throw-haymakers-in-benches-clearing-brawl,news,462,600,138,"Ex-Chicago Cubs and White Sox Throw Haymakers in Benches-Clearing Brawl"
48073,chicago-cubs-ace-out-for-the-rest-of-2026-season,news,411,600,189,"Chicago Cubs Ace Out for the Rest of 2026 Season"
48074,craig-counsells-latest-lineup-choice-is-pissing-off-chicago-cubs-fans,news,471,600,129,"Craig Counsell's Latest Lineup Choice Is Pissing Off Chicago Cubs Fans"
48075,chasing-greatness-are-connor-bedards-early-years-better-than-patrick-kanes,news,475,600,125,"Chasing Greatness: Are Connor Bedard’s Early Years Better Than Patrick Kane’s?"
47628,chicago-cubs-place-another-starting-pitcher-on-injured-list,news,458,600,142,"Chicago Cubs Place Another Starting Pitcher on Injured List"
47629,breaking-the-arturas-karnisovas-nightmare-is-over-and-what-comes-next,news,596,600,4,"BREAKING: The Arturas Karnisovas Nightmare Is Over — And What Comes Next"
47632,caleb-williams-extension-heres-why-those-talks-are-premature-for-now,news,534,600,66,"Caleb Williams Extension? Here's Why Those Talks Are Premature (For Now)"
47636,chicago-cubs-blow-doubleheader-sweep-what-the-hell-was-that-craig,news,572,600,28,"Chicago Cubs Blow Doubleheader Sweep: What The Hell Was That, Craig?"
47197,michael-conforto-ruins-edward-cabreras-no-hitter-with-awful-defense,news,213,600,387,"Michael Conforto Ruins Edward Cabrera's No-Hitter with Awful Defense"
47199,white-sox-make-it-official-ozzie-guillens-no-13-is-untouchable,news,480,600,120,"White Sox Make It Official: Ozzie Guillen’s No. 13 Is Untouchable"
46776,chicago-cubs-make-roster-move-following-cade-horton-injury,news,440,600,160,"Chicago Cubs Make Roster Move Following Cade Horton Injury"
46358,cade-horton-injury-update-season-changing-result-awaits-the-chicago-cubs,news,489,600,111,"Cade Horton Injury Update: Season-Changing Result Awaits the Chicago Cubs"
46360,chicago-cubs-starter-cade-horton-leaves-start-in-second-inning,news,127,600,473,"Chicago Cubs Starter Cade Horton Leaves Start in Second Inning"
45954,the-white-sox-rule-5-draft-strategy-has-quickly-backfired,news,541,600,59,"The White Sox Rule 5 Draft Strategy Has Quickly Backfired"
45556,controversial-call-sparks-chicago-cubs-series-win-vs-los-angeles-angels,news,594,600,6,"Controversial Call Sparks Chicago Cubs Series Win vs. Los Angeles Angels"
45572,white-sox-2026-top-prospects-no-12-is-the-most-underrated-bat-in-the-system,news,578,600,22,"White Sox 2026 Top Prospects: No. 12 Is The Most Underrated Bat In The System"
45168,fans-already-want-this-player-gone-from-the-chicago-cubs,news,554,600,46,"Fans Already Want This Player Gone from the Chicago Cubs"
45169,heres-what-made-edward-cabreras-chicago-cubs-debut-truly-unique,news,466,600,134,"Here's What Made Edward Cabrera's Chicago Cubs Debut Truly Unique"
44785,why-nico-hoerner-signed-the-key-to-contract-extension-with-the-chicago-cubs,news,400,600,200,"Why Nico Hoerner Signed: The Key to Contract Extension with the Chicago Cubs"
44807,kannapolis-cannon-ballers-are-stacked-with-rising-white-sox-talent,news,548,600,52,"Kannapolis Cannon Ballers Are Stacked With Rising White Sox Talent"
44330,underrated-white-sox-prospect-could-be-on-the-fast-track-to-chicago,news,578,600,22,"Underrated White Sox Prospect Could Be On The Fast Track To Chicago"
44331,the-charlotte-knights-are-shaping-up-to-be-a-juggernaut,news,524,600,76,"The Charlotte Knights Are Shaping Up To Be A Juggernaut"
43876,white-sox-turn-tough-roster-decision-into-a-savy-move,news,509,600,91,"White Sox Turn Tough Roster Decision Into A Savy Move"
43915,white-sox-manager-drops-subtle-hint-that-a-trade-could-be-coming-soon,news,581,600,19,"White Sox Manager Drops Subtle Hint That A Trade Could Be Coming Soon"
43437,white-sox-bring-back-familiar-face-following-rough-opening-day-for-bullpen,news,440,600,160,"White Sox Bring Back Familiar Face Following Rough Opening Day for Bullpen"
43442,you-wont-believe-how-much-the-wind-screwed-ian-happ-on-opening-day,news,392,600,208,"You Won't Believe How Much the Wind Screwed Ian Happ on Opening Day"
42988,one-trade-deadline-acquisition-has-earned-his-place-in-chicagos-future,news,580,600,20,"One Trade Deadline Acquisition Has Earned His Place In Chicago's Future"
42980,chicago-cubs-agree-to-contract-extension-with-another-home-grown-star,news,515,600,85,"Chicago Cubs Agree to Contract Extension with Another Home-Grown Star"
42982,bears-first-edge-visit-revealed-why-zion-young-was-the-inevitable-choice,news,580,600,20,"Bears’ First Edge Visit Revealed — Why Zion Young Was The Inevitable Choice"
42981,chicago-cubs-opening-day-reactions-yikes,news,485,600,115,"Chicago Cubs Opening Day Reactions: Yikes"
42984,the-chicago-bears-local-pro-day-will-be-abnormally-stacked-this-year,news,523,600,77,"The Chicago Bears' Local Pro Day Will Be Abnormally Stacked This Year"
42994,white-sox-try-to-repeat-rule-5-magic-with-latest-roster-move,news,540,600,60,"White Sox Try To Repeat Rule-5 Magic With Latest Roster Move"
42563,chicago-white-sox-shock-with-unexpected-bullpen-move,news,594,600,6,"Chicago White Sox Shock With Unexpected Bullpen Move"
42537,this-should-be-the-chicago-cubs-opening-day-lineup,news,519,600,81,"This Should Be the Chicago Cubs Opening Day Lineup"
42539,the-adrian-houser-trade-has-aged-badly-for-the-white-sox,news,556,600,44,"The Adrian Houser Trade Has Aged Badly For The White Sox"
42546,how-ryan-poles-might-be-stealing-a-tactic-from-tampa-bay-for-center-search,news,596,600,4,"How Ryan Poles Might Be Stealing A Tactic From Tampa Bay For Center Search"
42106,chicago-cubs-sign-pete-crow-armstrong-to-largest-contract-extension-in-franchise-history,news,475,600,125,"Chicago Cubs Sign Pete Crow-Armstrong to Largest Contract Extension in Franchise History"
42109,unlikeliest-player-making-chicago-cubs-opening-day-roster,news,593,600,7,"Unlikeliest Player Making Chicago Cubs Opening Day Roster"
41689,those-pesky-cole-kmet-rumors-have-resurfaced-and-why-they-havent-die,news,574,600,26,"Those Pesky Cole Kmet Rumors Have Resurfaced — And Why They Haven't Died"
41690,chicago-cubs-opening-day-roster-implications-kevin-alcantara-optioned-to-triple-a,news,436,600,164,"Chicago Cubs Opening Day Roster Implications: Kevin Alcántara Optioned to Triple-A"
41688,chicago-cubs-pete-crow-armstrong-close-to-signing-contract-extension,news,202,600,398,"Chicago Cubs Pete Crow-Armstrong Close to Signing Contract Extension"
41714,white-sox-make-surprising-roster-cuts-ahead-of-opening-day,news,529,600,71,"White Sox Make Surprising Roster Cuts Ahead Of Opening Day"
41694,fans-conflicted-on-final-chicago-cubs-bullpen-decision,news,484,600,116,"Fans Conflicted on Final Chicago Cubs Bullpen Decision"
41695,jeff-blashill-hints-at-his-baffling-plan-with-connor-bedard-anton-frondell-line,news,404,600,196,"Jeff Blashill Hints At His Baffling Plan With Connor Bedard/Anton Frondell Line"
40796,the-blackhawks-finally-got-connor-bedards-long-term-linemate,news,440,600,160,"The Blackhawks Finally Got Connor Bedard’s Long-Term Linemate"
40799,bad-trends-you-hope-stay-in-spring-training-for-the-chicago-cubs,news,533,600,67,"Bad Trends You Hope Stay in Spring Training for the Chicago Cubs"
39840,kyle-monangai-2-0-why-the-bears-are-big-on-noah-whittington,news,506,600,94,"Kyle Monangai 2.0? Why The Bears Are Big On Noah Whittington"
39370,sandman-returns-why-the-bears-lured-jack-sanborn-home,news,583,600,17,"Sandman Returns: Why The Bears Lured Jack Sanborn Home"
39372,sam-hecht-admits-bears-coaching-staff-blew-him-away-in-meeting,news,597,600,3,"Sam Hecht Admits Bears Coaching Staff Blew Him Away In Meeting"
38910,jager-burton-is-bears-first-reported-top-30-visit-and-why-its-incredibly-on-brand,news,593,600,7,"Jager Burton Is Bears' First Reported Top 30 Visit — And Why It's Incredibly On-Brand"
38911,chicago-cubs-at-center-of-team-usa-outrage-in-world-baseball-classic-final,news,504,600,96,"Chicago Cubs At Center of Team USA Outrage in World Baseball Classic Final"
38444,white-sox-bullpen-taking-shape-following-new-developments,news,539,600,61,"White Sox Bullpen Taking Shape Following New Developments"
38448,blackhawks-sign-controversial-prospect-to-immediately-hit-nhl-ranks,news,414,600,186,"Blackhawks Sign Controversial Prospect To Immediately Hit NHL Ranks"
37546,mark-derosa-still-managed-to-screw-up-in-usa-win-over-canada,news,454,600,146,"Mark DeRosa Still Managed to Screw Up in USA Win Over Canada"
37106,fans-are-pissed-off-about-chicago-cubs-alex-bregman,news,433,600,167,"Fans Are Pissed Off About Chicago Cubs Alex Bregman"
37109,recent-draft-visit-indicates-dennis-allen-has-his-next-interior-pass-rusher-in-mind,news,447,600,153,"Recent Draft Visit Indicates Dennis Allen Has His Next Interior Pass Rusher In Mind"
37108,white-sox-latest-injury-scare-could-have-significant-ripple-effect,news,584,600,16,"White Sox Latest Injury Scare Could Have Significant Ripple Effect"
37110,nhl-announces-multiple-international-blackhawks-games-for-next-season,news,359,600,241,"NHL Announces Multiple International Blackhawks Games For Next Season"
37113,matthew-boyd-picked-the-chicago-cubs-over-team-usa,news,598,600,2,"Matthew Boyd Picked the Chicago Cubs Over Team USA"
36666,something-weird-is-going-on-with-the-braxton-jones-situation,news,590,600,10,"Something Weird Is Going On With The Braxton Jones Situation"
36242,teels-injury-creates-unexpected-opportunity-for-white-sox-catchers,news,573,600,27,"Teel’s Injury Creates Unexpected Opportunity For White Sox Catchers"
36244,perfect-reclamation-project-jedrick-wills-joins-bears-with-loads-of-untapped-potential,news,596,600,4,"Perfect Reclamation Project: Jedrick Wills Joins Bears With Loads Of Untapped Potential"
35822,white-sox-receive-major-injury-scare-at-world-baseball-classic,news,367,600,233,"White Sox Receive Major Injury Scare At World Baseball Classic"
35826,new-arrival-cam-lewis-helps-plug-a-big-weakness-in-the-bears-secondary,news,451,600,149,"New Arrival Cam Lewis Helps Plug A Big Weakness In The Bears Secondary"
35828,chicago-cubs-threat-loses-ace-until-july,news,534,600,66,"Chicago Cubs Threat Loses Ace Until July"
35827,how-the-chicago-bears-just-delivered-another-gut-punch-to-the-lions,news,598,600,2,"How The Chicago Bears Just Delivered Another Gut Punch To The Lions"
35412,the-bears-just-bowed-out-of-the-taylor-decker-market-heres-the-details,news,451,600,149,"The Bears Just Bowed Out Of The Taylor Decker Market — Here's The Details"
35414,mamba-mentality-new-addition-coby-bryant-is-immediate-home-run-for-bears,news,585,600,15,"Mamba Mentality: New Addition Coby Bryant Is Immediate Home Run For Bears"
35415,chicago-bears-first-move-of-free-agency-scores-badly-need-defensive-tackle-depth,news,437,600,163,"Chicago Bears First Move Of Free Agency Scores Badly-Need Defensive Tackle Depth"
35419,how-an-nfl-rule-change-just-gave-ben-johnson-an-unfair-advantage,news,586,600,14,"How An NFL Rule Change Just Gave Ben Johnson An Unfair Advantage"
34909,porter-hodges-comeback-just-suffered-a-major-blow,news,491,600,109,"Porter Hodge's Comeback Just Suffered a Major Blow"
34418,growing-myles-garrett-and-browns-rift-gives-bears-another-shot,news,588,600,12,"Growing Myles Garrett And Browns Rift Gives Bears Another Shot"
32427,world-baseball-classic-controversy-should-pete-crow-armstrong-start-for-team-usa,news,459,600,141,"World Baseball Classic Controversy: Should Pete Crow-Armstrong Start for Team USA"
32429,the-most-underrated-chicago-cubs-player-finally-got-proper-respect,news,588,600,12,"The Most Underrated Chicago Cubs Player Finally Got Proper Respect"
32432,nfl-insider-hints-bears-could-shockingly-trade-cole-kmet-and-dandre-swift,news,593,600,7,"NFL Insider Hints Bears Could Shockingly Trade Cole Kmet And D'Andre Swift"
32433,the-tremaine-edmunds-domino-has-finally-fallen-heres-the-details,news,598,600,2,"The Tremaine Edmunds Domino Has Finally Fallen — Here's The Details"
32436,dj-moore-officially-traded-by-the-bears-here-are-all-the-details,news,572,600,28,"DJ Moore Officially Traded By The Bears — Here Are All The Details"
32442,moises-ballesteros-proving-hes-got-an-advantage-over-other-chicago-cubs-catchers,news,492,600,108,"Moises Ballesteros Proving He's Got an Advantage Over Other Chicago Cubs Catchers"
32453,a-date-has-surfaced-for-likely-nfl-decision-on-bears-ian-cunningham-comp-pick-issue,news,505,600,95,"A Date Has Surfaced For Likely NFL Decision On Bears-Ian Cunningham Comp Pick Issue"
32439,blackhawks-deal-another-veteran-to-edmonton-for-big-return,news,478,600,122,"Blackhawks Deal Another Veteran To Edmonton For Big Return"
32443,chicago-cubs-prospect-jefferson-rojas-disrespected-hits-back-with-a-bomb,news,384,600,216,"Chicago Cubs Prospect Jefferson Rojas Disrespected: Hits Back with A BOMB!"
32440,nhl-trade-buzz-newly-available-second-overall-pick-could-be-blackhawks-next-big-get,news,487,600,113,"NHL Trade Buzz: Newly Available Second Overall Pick Could Be Blackhawks’ Next Big Get"
32446,ian-happ-could-join-division-rival-and-torment-the-chicago-cubs,news,407,600,193,"Ian Happ Could Join Division Rival and Torment the Chicago Cubs"
32447,insider-confirms-the-maxx-crosby-bears-connection-fans-have-yearned-for,news,562,600,38,"Insider Confirms The Maxx Crosby-Bears Connection Fans Have Yearned For"
32449,new-details-emerge-on-bears-plan-to-replace-drew-dalman,news,385,600,215,"New Details Emerge On Bears Plan To Replace Drew Dalman"
32450,drew-dalman-shockingly-retires-altering-bears-entire-offseason,news,584,600,16,"Drew Dalman Shockingly Retires — Altering Bears' Entire Offseason"
32451,craig-counsell-sends-warning-to-chicago-cubs-in-spring-training-outburst,news,501,600,99,"Craig Counsell Sends Warning to Chicago Cubs in Spring Training Outburst"
32454,sounds-like-the-chicago-cubs-are-moving-on-from-ian-happ,news,506,600,94,"Sounds Like the Chicago Cubs are Moving On from Ian Happ"
32456,more-signs-point-toward-maxx-crosby-landing-in-chicago,news,405,600,195,"More Signs Point Toward Maxx Crosby Landing in Chicago"
32458,ben-johnson-proved-his-football-obsession-again-at-combine-with-crazy-stunt,news,496,600,104,"Ben Johnson Proved His Football Obsession Again At Combine With Crazy Stunt"
32461,fluke-injury-could-impact-chicago-cubs-spring-training-standout,news,434,600,166,"Fluke Injury Could Impact Chicago Cubs Spring Training Standout"
32460,blackhawks-trade-longest-tenured-player-in-first-deal-of-trade-deadline,news,384,600,216,"Blackhawks Trade Longest-Tenured Player In First Deal Of Trade Deadline"
32463,chicago-cubs-still-obsessed-with-ben-cowles,news,503,600,97,"Chicago Cubs Still Obsessed with Ben Cowles"
32465,cubs-fans-that-viral-mlb-instagram-post-just-dropped-a-gem-on-our-guy-pca-and-its-pure-nl-central-gold,news,542,600,58,"Cubs Fans, That Viral MLB Instagram Post Just Dropped a Gem on Our Guy PCA – And It’s Pure NL Central Gold"
32471,justin-steele-reveals-timetable-for-return-to-chicago-cubs-starting-rotation,news,579,600,21,"Justin Steele Reveals Timetable for Return to Chicago Cubs Starting Rotation"
32475,espn-links-three-teams-to-bears-lb-tremaine-edmunds,news,386,600,214,"ESPN Links Three Teams to Bears LB Tremaine Edmunds"
32480,miguel-vargas-is-poised-for-a-huge-season-in-chicago,news,512,600,88,"Miguel Vargas Is Poised For A Huge Season In Chicago"
32478,why-edgar-quero-could-be-the-chicago-white-sox-breakout-star,news,530,600,70,"Why Edgar Quero Could Be The Chicago White Sox Breakout Star"
32479,roster-watch-can-this-outfielder-play-his-way-onto-the-roster,news,482,600,118,"Roster Watch: Can This Outfielder Play His Way Onto The  Roster?"
32482,chicago-cubs-starter-justin-steele-shares-game-changing-update,news,472,600,128,"Chicago Cubs Starter Justin Steele Shares Game-Changing Update"
32486,roster-watch-spring-injury-complicates-things-for-this-outfielder,news,573,600,27,"Roster Watch: Spring Injury Complicates Things For This Outfielder"
32484,why-ryan-poles-admits-bears-are-contemplating-strength-staff-changes,news,443,600,157,"Why Ryan Poles Admits Bears Are Contemplating Strength Staff Changes"
32491,chicago-bears-quietly-met-with-two-quarterbacks-at-the-combine-and-what-it-means,news,564,600,36,"Chicago Bears Quietly Met With Two Quarterbacks At The Combine — And What It Means"
32501,roster-watch-can-a-hometown-lefty-crack-the-opening-day-roster,news,549,600,51,"Roster Watch: Can A Hometown Lefty Crack The Opening Day Roster? "
32500,roster-watch-can-tanner-murrays-hot-start-earn-him-a-spot,news,562,600,38,"Roster Watch: Can Tanner Murray’s Hot Start Earn Him a Spot?"
32499,roster-watch-will-tristan-peters-crack-the-crowded-white-sox-outfield,news,499,600,101,"Roster Watch: Will Tristan Peters Crack The Crowded White Sox Outfield?"
32487,time-to-worry-about-ex-chicago-cubs-bullpen-star-porter-hodge,news,440,600,160,"Time to Worry About Ex-Chicago Cubs Bullpen Star Porter Hodge"
32492,chicago-white-sox-get-good-news-on-acuna-uncertainty-on-pereira,news,403,600,197,"Chicago White Sox Get Good News On Acuña, Uncertainty On Pereira"
32498,injury-may-cost-cubs-prospect-way-more-than-world-baseball-classic,news,527,600,73,"Injury May Cost Cubs Prospect Way More Than World Baseball Classic"
32517,mlb-draft-analysts-just-dropped-a-stunning-claim-about-roch-cholowsky,news,557,600,43,"MLB Draft Analysts Just Dropped A Stunning Claim About Roch Cholowsky"
32507,roster-watch-can-chris-murphy-hold-onto-a-bullpen-spot,news,570,600,30,"Roster Watch: Can Chris Murphy Hold Onto A Bullpen Spot?"
32508,how-illinois-is-now-flirting-with-disaster-in-chicago-bears-latest-stadium-update,news,580,600,20,"How Illinois Is Now Flirting With Disaster In Chicago Bears' Latest Stadium Update"
32511,mcdougals-debut-sparks-buzz-is-relief-role-fast-track-to-the-majors,news,516,600,84,"McDougal’s Debut Sparks Buzz: Is Relief Role Fast Track To The Majors?"
32530,veteran-pitcher-joins-white-sox-as-under-the-radar-addition,news,543,600,57,"Veteran Pitcher Joins White Sox As Under-The-Radar Addition"
32519,luisangel-acuna-is-off-to-an-encouraging-start-in-camp,news,586,600,14,"Luisangel Acuña Is Off To An Encouraging Start In Camp"
32520,roster-watch-can-tyson-miller-steal-a-white-sox-bullpen-spot,news,559,600,41,"Roster Watch: Can Tyson Miller Steal A White Sox Bullpen Spot?"
32522,cubs-draft-blunder-keeps-looking-even-worse,news,485,600,115,"Cubs Draft Blunder Keeps Looking Even Worse"
32524,cubs-opening-day-roster-battle-just-got-a-lot-more-interesting,news,562,600,38,"Cubs Opening Day Roster Battle Just Got A Lot More Interesting"
32525,pete-crow-armstrong-wont-stop-talking-about-his-hatred-for-dodgers-fans,news,402,600,198,"Pete Crow-Armstrong Won't Stop Talking About His Hatred for Dodgers Fans"
32526,tremaine-edmunds-and-the-bears-took-first-step-towards-a-divorce-heres-what-it-means,news,548,600,52,"Tremaine Edmunds And The Bears Took First Step Towards A Divorce — Here's What It Means"
32529,time-to-buy-all-the-shota-imanaga-stock-heading-into-2026,news,459,600,141,"Time to Buy All the Shōta Imanaga Stock Heading Into 2026"
32531,even-dodgers-analysts-are-praising-pete-crow-armstrong-for-his-controversial-comments,news,442,600,158,"Even Dodgers Analysts Are Praising Pete Crow-Armstrong for His Controversial Comments"
31109,blackhawks-bedard-milestone-feb25,news,15,600,585,"Connor Bedard Reaches 50-Point Mark in Sophomore Season"
31107,bears-caleb-williams-offseason-update-feb25,news,22,600,578,"Caleb Williams Working With New WR Corps in Offseason Drills"
31112,bears-nfl-combine-preview-feb25,news,18,600,582,"Bears Scouting Staff Heading to NFL Combine With Clear Needs List"
31108,bulls-trade-deadline-recap-feb25,news,19,600,581,"Bulls Front Office Evaluating Young Core After Trade Deadline Moves"
32535,the-untold-rashied-davis-story-inside-the-chicago-bears-locker-room,news,442,600,158,"The Untold Rashied Davis Story | Inside the Chicago Bears Locker Room"
31110,cubs-spring-training-pitching-feb25,news,21,600,579,"Cubs Pitching Staff Reports to Mesa for Spring Training"
31111,whitesox-rebuild-update-feb25,news,22,600,578,"White Sox GM Outlines 3-Year Rebuild Plan at FanFest"
32537,how-the-chicago-bears-free-agency-plans-are-about-to-drastically-change,news,555,600,45,"How The Chicago Bears' Free Agency Plans Are About To Drastically Change"
32538,this-could-change-everything-for-cubs-pitcher-ben-brown,news,498,600,102,"This Could Change Everything for Cubs Pitcher Ben Brown"
32539,the-next-top-cubs-prospect-is-making-a-statement-in-spring-training,news,441,600,159,"The Next Top Cubs Prospect Is Making a Statement in Spring Training"
32541,pete-crow-armstrong-starts-all-out-war-vs-dodgers,news,515,600,85,"Pete Crow-Armstrong Starts All Out War vs. Dodgers"
32544,chicago-bears-drop-massive-hint-about-their-international-game-destination,news,559,600,41,"Chicago Bears Drop Massive Hint About Their International Game Destination"
32546,insider-points-to-moment-kevin-warren-started-losing-trust-of-mccaskeys-and-its-spot-on,news,532,600,68,"Insider Points To Moment Kevin Warren Started Losing Trust Of McCaskeys — And It's Spot On"
32545,former-chicago-white-sox-first-rounder-finds-new-home,news,502,600,98,"Former Chicago White Sox First Rounder Finds New Home"
32547,white-sox-prospect-is-quickly-becoming-a-coaching-staff-favorite,news,532,600,68,"White Sox Prospect Is Quickly Becoming A Coaching Staff Favorite"
32551,why-did-the-cubs-sign-another-free-agent-outfielder,news,553,600,47,"Why Did the Cubs Sign Another Free Agent Outfielder?"
32555,how-a-49ers-insider-used-caleb-williams-to-cause-green-bay-fans-crashout,news,586,600,14,"How A 49ers Insider Used Caleb Williams To Cause Green Bay Fans Crashout"
32556,matt-shaws-boner-leads-to-embarrassing-triple-play,news,371,600,229,"Matt Shaw's Boner Leads to Embarrassing Triple Play"
32557,nahshon-wright-implored-bears-to-bring-him-back-in-interview-why-it-was-heartbreaking,news,474,600,126,"Nahshon Wright Implored Bears To Bring Him Back In Interview — Why It Was Heartbreaking"
32562,top-10-cubs-prospect-suffers-injury-setback,news,310,600,290,"Top-10 Cubs Prospect Suffers Injury Setback"
32572,how-ryan-poles-might-be-tipping-the-bears-hand-with-25th-pick,news,593,600,7,"How Ryan Poles Might Be Tipping The Bears' Hand With 25th Pick"
32571,abs-challenge-system-in-cubs-vs-white-sox-game-do-fans-like-it,news,440,600,160,"ABS Challenge System in Cubs vs. White Sox Game: Do Fans Like It?"
32575,shota-imanaga-will-bounce-back-in-a-big-way,news,504,600,96,"Shōta Imanaga Will Bounce Back In a Big Way"
32582,amen-ogbongbemiga-is-bears-first-cap-casualty-and-how-it-sends-a-clear-message,news,530,600,70,"Amen Ogbongbemiga Is Bears' First Cap Casualty — And How It Sends A Clear Message"
32585,ryan-poles-has-found-ian-cunninghams-replacement-heres-what-it-means,news,402,600,198,"Ryan Poles Has Found Ian Cunningham's Replacement — Here's What It Means"
32593,ben-johnson-threw-one-last-fascinating-curveball-on-new-coaching-staff,news,435,600,165,"Ben Johnson Threw One Last Fascinating Curveball On New Coaching Staff"
32591,the-blackhawks-are-headed-for-nhls-next-global-showcase,news,326,600,274,"The Blackhawks Are Headed For NHL’s Next Global Showcase"
32592,blackhawks-jumble-young-defensemen-recall-stars-for-home-stretch,news,370,600,230,"Blackhawks Jumble Young Defensemen, Recall Stars For Home Stretch"
32595,kamren-curl-why-hes-the-only-free-agent-connected-to-the-bears,news,490,600,110,"Kamren Curl? Why He's The Only Free Agent Connected To The Bears"
32597,maxx-crosby-sends-clear-message-to-caleb-williams,news,380,600,220,"Maxx Crosby Sends Clear Message to Caleb Williams"
32599,three-blackhawks-with-the-most-to-prove-after-long-olympic-break,news,461,600,139,"Three Blackhawks With The Most To Prove After Long Olympic Break"
32601,new-report-reveals-cardinals-are-looking-into-a-possible-deal-with-bears,news,412,600,188,"New Report Reveals Cardinals Are Looking Into a Possible Deal With Bears"
32605,why-the-nfl-was-quietly-pulling-for-chicago-bears-to-reach-super-bowl,news,555,600,45,"Why The NFL Was Quietly Pulling For Chicago Bears To Reach Super Bowl"
32608,how-the-dolphins-just-helped-the-bears-by-releasing-bradley-chubb,news,566,600,34,"How The Dolphins Just Helped The Bears By Releasing Bradley Chubb"
32613,the-nfls-top-100-plays-were-revealed-two-of-the-top-5-belong-to-caleb-williams,news,561,600,39,"The NFL's Top 100 Plays Were Revealed. Two Of The Top 5 Belong To Caleb Williams"
32615,lee-hunter-to-the-bears-former-scout-pumps-brakes-despite-senior-bowl-showing,news,420,600,180,"Lee Hunter To The Bears? Former Scout Pumps Brakes Despite Senior Bowl Showing"
32617,intel-why-ozzy-trapilo-injury-doesnt-have-people-inside-halas-hall-worried,news,591,600,9,"Intel: Why Ozzy Trapilo's Injury Doesn't Have People Inside Halas Hall Worried"
32619,report-reveals-what-the-raiders-want-from-the-bears-for-maxx-crosby,news,598,600,2,"Report Reveals What the Raiders Want From the Bears for Maxx Crosby"
32621,why-gatorades-trolling-of-kyle-monangai-was-the-sleeper-moment-of-the-year,news,446,600,154,"Why Gatorade's Trolling Of Kyle Monangai Was The Sleeper Moment Of The Year"
32620,zac-gallen-signing-ends-in-embarrassment-but-not-for-cubs,news,572,600,28,"Zac Gallen Signing Ends in Embarrassment But Not for Cubs"
32626,cubs-actually-signed-another-free-agent-reliever-to-a-multi-year-contract,news,544,600,56,"Cubs Actually Signed Another Free Agent Reliever to a Multi-Year Contract"
32630,local-indiana-mayor-thomas-mcdermott-drops-bears-bombshell-and-why-its-serious,news,564,600,36,"Local Indiana Mayor Thomas McDermott Drops Bears Bombshell — And Why It's Serious"
32632,allen-robinson-predicts-kenneth-walker-to-the-bears-and-why-its-not-crazy,news,520,600,80,"Allen Robinson Predicts Kenneth Walker To The Bears — And Why It's Not Crazy"
32636,why-a-khalil-mack-bears-reunion-is-more-than-plausible,news,592,600,8,"Why A Khalil Mack Bears Reunion Is More Than Plausible"
32639,chicago-cubs-craig-counsell-names-daniel-palencia-closer-2026,news,557,600,43,"Cubs Breakout Pitcher Reclaims Closer Role in 2026"
32634,pete-crow-armstrong-on-his-and-caleb-williams-future-in-chicago,news,327,600,273,"Pete Crow-Armstrong on His and Caleb Williams’ Future in Chicago"
32643,cubs-begin-spring-training-with-best-news-possible,news,517,600,83,"Cubs Begin Spring Training with Best News Possible"
32640,will-venable-hints-at-interesting-possibility-for-munetaka-murakami,news,524,600,76,"Will Venable Hints At Interesting Possibility For Munetaka Murakami"
32644,bears-qb-caleb-williams-headed-to-nba-all-star-weekend,news,429,600,171,"Bears QB Caleb Williams Headed to NBA All Star Weekend"
32654,kris-bryants-career-hits-another-setback-and-its-a-damn-shame,news,560,600,40,"Kris Bryant's Career Hits Another Setback and It's a Damn Shame"
32650,iowa-trying-to-steal-the-chicago-bears-the-wildest-stadium-plot-twist-yet,news,513,600,87,"Iowa Trying to Steal The Chicago Bears? The Wildest Stadium Plot Twist Yet"
32652,mlbs-last-21-game-winner-signs-with-cubs,news,567,600,33,"MLB's Last 21-Game Winner Signs with Cubs"
32656,major-injury-could-derail-cubs-final-offseason-move,news,541,600,59,"Major Injury Could Derail Cubs Final Offseason Move"
32661,why-ben-johnson-will-love-the-latest-super-bowl-betting-odds,news,457,600,143,"Why Ben Johnson Will Love The Latest Super Bowl Betting Odds"
32662,nfl-weighs-major-change-to-trade-rules-and-how-it-impacts-the-chicago-bears,news,560,600,40,"NFL Weighs Major Change To Trade Rules — And How It Impacts The Bears"
32663,blackhawks-could-snag-one-of-three-future-stars-with-potential-top-five-pick,news,569,600,31,"Blackhawks Could Snag One Of Three Future Stars With Potential Top-Five Pick"
32668,why-the-chicago-bears-silence-on-the-assitant-gm-vacancy-is-getting-notable,news,580,600,20,"Why The Chicago Bears' Silence On The Assitant GM Vacancy Is Getting Notable"
32667,highlighting-one-bears-play-a-day-play-no-4,news,556,600,44,"Highlighting One Bears Play a Day | Play No. 4"
32679,that-old-caleb-williams-hit-piece-looks-real-bad-after-keenan-allen-bears-admission,news,405,600,195,"That Old Caleb Williams Hit Piece Looks Real Bad After Keenan Allen’s Bears Admission"
32671,white-sox-receive-good-news-before-start-of-spring-training,news,517,600,83,"White Sox Receive Good News Before Start Of Spring Training"
32674,why-ben-johnson-chose-press-taylor-as-his-new-oc,news,433,600,167,"Why Ben Johnson Chose Press Taylor as His New OC"
32675,the-bears-have-promoted-press-taylor-to-offensive-coordinator-and-why-its-a-gamble,news,595,600,5,"The Bears Have Promoted Press Taylor To Offensive Coordinator — And Why It's A Gamble"
32676,ian-cunningham-may-already-regret-taking-the-falcons-job-and-how-ryan-pace-is-to-blame,news,569,600,31,"Ian Cunningham May Already Regret Taking The Falcons Job - And How Ryan Pace Is To Blame"
32678,dj-moore-trade-rumors-take-a-major-hit-after-insider-reveals-coaches-stance,news,578,600,22,"DJ Moore Trade Rumors Take A Major Hit After Insider Reveals Coaches’ Stance"
32682,%e2%9c%b6-untold-chicago-stories-premier-jerry-azumah-%e2%9c%b6,news,267,600,333,"✶ Untold Chicago Stories Premier: Jerry Azumah ✶"
32684,whoops-blackhawks-get-devastating-nhl-draft-news-amid-puzzling-media-blunder,news,463,600,137,"Whoops!: Blackhawks Get Devastating NHL Draft News Amid Puzzling Media Blunder"
32686,new-opportunity-has-developed-for-the-white-sox-2,news,500,600,100,"New Opportunity Has Developed For The White Sox"
32689,the-nfls-coach-of-the-year-vote-was-a-slap-to-the-bears,news,496,600,104,"The NFL’s Coach of the Year Vote Was a Slap to the Bears"
32696,matt-ryan-admits-he-wont-make-the-football-decisions-in-atlanta-proving-the-bears-got-screwed,news,495,600,105,"Matt Ryan Admits He Won't Make The Football Decisions In Atlanta — Proving The Bears Got Screwed"
32698,chicago-finally-committed-to-a-rebuild-not-everyone-may-be-on-board,news,573,600,27,"Chicago Finally Committed To A Rebuild — Not Everyone May Be On Board"
32695,joe-thuney-makes-history-as-first-nfl-protector-of-the-year-and-why-its-a-huge-deal,news,384,600,216,"Joe Thuney Makes History As First NFL Protector Of The Year - And Why It's A Huge Deal"
32697,murakami-is-already-changing-the-white-sox-organization-from-bottom-up,news,358,600,242,"Murakami Is Already Changing The White Sox Organization From Bottom Up"
32701,dj-moore-finally-explains-what-went-wrong-on-the-last-play,news,403,600,197,"DJ Moore Finally Explains What Went Wrong on the Last Play"
32792,kevin-byard-explains-why-hes-desperate-to-stay-in-chicago-and-bears-fans-will-love-it,news,525,600,75,"Kevin Byard Explains Why He's Desperate To Stay In Chicago — And Bears Fans Will Love It"
32705,bulls-strike-a-deal-with-the-knicks-add-much-needed-frontcourt-help,news,512,600,88,"Bulls Strike A Deal With The Knicks, Add Much Needed Frontcourt Help"
32707,details-of-the-cost-of-a-maxx-crosby-trade-are-out-and-kill-any-hope-for-bears,news,457,600,143,"Details Of The Cost Of A Maxx Crosby Trade Are Out — And Kill Any Hope For Bears"
32706,eric-studesville-rejoins-bears-as-rbs-coach-and-why-hes-perfect-for-ben-johnson,news,373,600,227,"Eric Studesville Rejoins Bears As RBs Coach — And Why He's Perfect For Ben Johnson"
32709,recent-report-proves-that-chicago-is-actively-trying-to-fix-this-problem,news,532,600,68,"Recent Report Proves That Chicago Is Actively Trying To Fix This Problem"
32708,craig-counsells-old-friend-joins-stockpile-of-cubs-depth-options,news,528,600,72,"Craig Counsell's Old Friend Joins Stockpile of Cubs Depth Options"
32710,chicago-continues-complete-firesale-by-shipping-coby-white-to-the-charlotte-hornets,news,539,600,61,"Chicago Continues Complete Firesale By Shipping Coby White To The Charlotte Hornets"
32810,press-taylor-linked-to-bears-oc-job-as-in-house-favorite-and-fans-should-be-worried,news,389,600,211,"Press Taylor Linked To Bears OC Job As In-House Favorite — And Fans Should Be Worried"
32808,bears-insider-shares-insight-on-dandre-swifts-future-in-chicago,news,462,600,138,"Bears Insider Shares Insight on D’Andre Swift’s Future in Chicago"
32807,the-bulls-would-be-making-a-massive-mistake-if-this-trade-rumor-is-true,news,580,600,20,"The Bulls Would Be Making A Massive Mistake If This Trade Rumor Is True"
32805,bears-insider-shares-how-chicago-views-a-possible-maxx-crosby-trade,news,464,600,136,"Bears Insider Shares How Chicago Views a Possible Maxx Crosby Trade"
32803,kevin-byard-and-nahshon-wright-welcomed-shedeur-sanders-to-pro-bowl-with-two-ints,news,420,600,180,"Kevin Byard And Nahshon Wright Welcomed Shedeur Sanders To Pro Bowl — With Two INTs"
32802,a-kliff-kingsbury-caleb-williams-reunion-is-back-in-play-and-why-it-would-benefit-the-bears,news,465,600,135,"A Kliff Kingsbury–Caleb Williams Reunion Is Back In Play — And Why It Would Benefit The Bears"
32791,the-bulls-could-be-involved-in-the-antetokounmpo-blockbuster-after-all,news,595,600,5,"The Bulls Could Be Involved In The Antetokounmpo Blockbuster After All"
32800,chicago-bears-reportedly-set-a-deadline-for-indiana-decision-and-why-theyre-doing-it,news,566,600,34,"Chicago Bears Reportedly Set A Deadline For Indiana Decision — And Why They're Doing It"
32798,several-reports-confirm-this-will-be-arturas-karnisovass-next-move,news,530,600,70,"Several Reports Confirm This Will Be Arturas Karnisovas's Next Move"
32799,the-nikola-vucevic-era-officially-ends-as-bulls-stay-active-at-deadline,news,520,600,80,"The Nikola Vucevic Era Officially Ends As Bulls Stay Active At Deadline"
32797,chicago-lands-former-top-five-pick-with-latest-three-team-trade,news,521,600,79,"Chicago Lands Former Top-Five Pick With Latest Three-Team Trade"
32794,bears-are-eyeing-connor-senger-for-new-oc-and-why-it-makes-perfect-sense,news,412,600,188,"Bears Are Eyeing Connor Senger For New OC — And Why It Makes Perfect Sense"
32787,intel-bears-inching-toward-major-curveball-for-ian-cunningham-replacement,news,488,600,112,"Intel: Bears Inching Toward Major Curveball For Ian Cunningham Replacement"
32789,the-truth-behind-the-rumored-ties-between-john-scheyer-and-the-chicago-bulls,news,583,600,17,"The Truth Behind The Rumored Ties Between John Scheyer And The Chicago Bulls"
32788,white-sox-starting-rotation-battle-will-include-surprise-name,news,511,600,89,"White Sox Starting Rotation Battle Will Include Surprise Name"
32786,draft-insider-pinpoints-gervon-dexter-2-0-for-bears-in-1st-round,news,444,600,156,"Draft Insider Pinpoints Gervon Dexter 2.0 For Bears In 1st Round"
32784,cole-kmet-reveals-why-locker-room-is-upset-by-declan-doyles-departure,news,371,600,229,"Cole Kmet Reveals Why Locker Room Is Upset By Declan Doyle's Departure"
32783,why-nfl-scouts-have-bud-clark-penciled-in-for-bears-in-upcoming-draft,news,472,600,128,"Why NFL Scouts Have Bud Clark Penciled In For Bears In Upcoming Draft"
32782,budda-baker-to-the-bears-why-this-surprise-trade-buzz-suddenly-surfaced,news,449,600,151,"Budda Baker To The Bears? Why This Surprise Trade Buzz Suddenly Surfaced"
32779,yuki-kawamura-is-going-viral-for-this-moment-in-his-nba-debut,news,499,600,101,"Yuki Kawamura Is Going Viral For This Moment In His NBA Debut"
32781,audio-super-bowl-prediction,news,0,600,600,"Audio: Super Bowl Prediction!"
32780,ryan-poles-reveals-ben-johnsons-biggest-goal-with-caleb-williams-for-next-season,news,373,600,227,"Ryan Poles Reveals Ben Johnson's Biggest Goal With Caleb Williams For Next Season"
32778,the-dylan-cease-trade-just-got-worse-for-the-white-sox,news,481,600,119,"The Dylan Cease Trade Just Got Worse For The White Sox"
32776,tom-brady-presented-nahshon-wright-with-brand-new-prestigious-award,news,389,600,211,"Tom Brady Presented Nahshon Wright With Brand New Prestigious Award"
32773,vic-fangio-might-be-about-to-shift-the-nfc-landscape-in-the-bears-favor,news,358,600,242,"Vic Fangio Might Be About To Shift The NFC Landscape In The Bears' Favor"
32740,intel-dennis-allen-is-already-pushing-for-trey-hendrickson-inside-halas-hall,news,393,600,207,"Intel: Dennis Allen Is Already Pushing For Trey Hendrickson Inside Halas Hall"
32746,nfl-scouts-reveal-ben-johnson-has-a-superpower-most-play-callers-dont,news,519,600,81,"NFL Scouts Reveal Ben Johnson Has A Superpower Most Play Callers Don't"
32772,full-breakdown-of-the-first-deadline-move-by-arturas-karnisovas,news,517,600,83,"Full Breakdown Of The First Deadline Move By Arturas Karnisovas"
32771,ben-johnson-just-lost-his-most-obvious-declan-doyle-replacement,news,351,600,249,"Ben Johnson Just Lost His Most Obvious Declan Doyle Replacement"
32764,white-sox-could-soon-be-facing-a-tough-choice-with-their-infielders,news,538,600,62,"White Sox Could Soon Be Facing A Tough Choice With Their Infielders"
32770,draft-insider-hints-chicago-bears-have-realistic-chance-at-next-eric-berry,news,434,600,166,"Draft Insider Hints Chicago Bears Have Realistic Chance At Next Eric Berry"
32768,the-white-sox-should-consider-bringing-back-an-old-friend,news,514,600,86,"The White Sox Should Consider Bringing Back An Old Friend"
32744,assistant-gm-reveals-overlooked-reason-bears-were-lucky-to-keep-al-harris,news,513,600,87,"Assistant GM Reveals Overlooked Reason Bears Were Lucky To Keep Al Harris"
32765,bulls-have-a-new-trade-target-on-their-radar,news,541,600,59,"Bulls Have A New Trade Target On Their Radar"
32763,white-sox-latest-move-completely-transformed-the-lineup,news,534,600,66,"White Sox Latest Move Completely Transformed The Lineup"
32745,turns-out-the-braxton-jones-era-in-chicago-may-not-be-over-yet,news,521,600,79,"Turns Out The Braxton Jones Era In Chicago May Not Be Over Yet"
32742,bears-insider-tremaine-edmunds-exit-is-gaining-steam-even-if-it-creates-a-new-problem,news,517,600,83,"Bears Insider: Tremaine Edmunds Exit Is Gaining Steam — Even If It Creates A New Problem"
32751,head-coach-reveals-why-bears-will-wait-for-ozzy-trapilo-vs-chasing-a-new-lt,news,380,600,220,"Head Coach Reveals Why Bears Will Wait For Ozzy Trapilo Vs. Chasing A New LT"
32758,white-sox-latest-roster-move-shows-how-far-they-have-come,news,584,600,16,"White Sox Latest Roster Move Shows How Far They Have Come"
32756,anthony-rizzo-primed-to-become-face-of-mlb-on-nbc,news,412,600,188,"Anthony Rizzo Primed to Become Face of MLB on NBC"
32750,the-final-verdict-on-nikola-vucevic-was-just-announced,news,559,600,41,"The Final Verdict On Nikola Vucevic Was Just Announced"
32752,one-of-jed-hoyers-worst-trades-is-getting-worse,news,482,600,118,"One of Jed Hoyer's Worst Trades is Getting Worse"
32755,bears-dealt-a-shocker-as-declan-doyle-leaves-and-who-may-replace-him,news,345,600,255,"Bears Dealt A Shocker As Declan Doyle Leaves — And Who May Replace Him"
32753,blackhawks-call-up-top-defensive-prospect-signaling-big-move-is-on-the-way,news,420,600,180,"Blackhawks Call Up Top Defensive Prospect, Signaling Big Move Is On The Way"
32723,one-free-agent-decision-could-reshape-the-bears-defense,news,246,600,354,"One Free-Agent Decision Could Reshape the Bears Defense"
32747,duce-staley-to-the-bears-why-this-surprise-name-would-be-a-home-run-for-chicago,news,437,600,163,"Duce Staley To The Bears? Why This Surprise Name Would Be A Home Run For Chicago"
32749,one-non-negotiable-thing-the-bulls-must-do-before-the-trade-deadline,news,454,600,146,"One Non-Negotiable Thing The Bulls Must Do Before The Trade Deadline"
32725,chicagos-draft-clues-are-hiding-in-plain-sight,news,248,600,352,"Chicago’s Draft Clues Are Hiding in Plain Sight"
32741,former-bears-coach-drops-major-hint-about-dennis-allen-likely-1st-round-target,news,599,600,1,"Former Bears Coach Drops Major Hint About Dennis Allen's Likely 1st Round Target"
32720,new-prospect-ranking-is-laughably-low-on-white-sox-prospects,news,519,600,81,"New Prospect Ranking Is Laughably Low On White Sox Prospects"
32735,caleb-williams-got-unintentionally-trolled-while-unwrapping-mystery-jersey,news,367,600,233,"Caleb Williams Got Unintentionally Trolled While Unwrapping Mystery Jersey"
32738,white-sox-reportedly-close-to-signing-mlb-legends-son,news,424,600,176,"White Sox Reportedly Close To Signing MLB Legend’s Son"
32736,chris-getz-signals-the-white-sox-have-more-moves-in-the-works,news,580,600,20,"Chris Getz Signals The White Sox Have More Moves In The Works"
32737,the-bears-have-officially-lost-ian-cunningham-heres-what-happens-next,news,358,600,242,"The Bears Have Officially Lost Ian Cunningham — Here's What Happens Next"
32734,the-white-soxs-next-infield-gem-why-caleb-bonemer-deserves-attention,news,417,600,183,"The White Sox’s Next Infield Gem: Why Caleb Bonemer Deserves Attention"
32730,two-chicago-bears-considered-top-free-agent-targets-this-2026-offseason,news,538,600,62,"Two Chicago Bears Considered Top Free Agent Targets This 2026 Offseason"
32724,caleb-williams-just-added-fuel-to-an-interesting-bears-offseason-rumor,news,264,600,336,"Caleb Williams Just Added Fuel to an Interesting Bears Offseason Rumor"
32728,audio-on-the-coaching-carousel,news,0,600,600,"Audio: On the Coaching Carousel..."
32727,joe-thuney-trade-looks-better-and-better-as-he-closes-in-on-prestigious-nfl-award,news,399,600,201,"Joe Thuney Trade Looks Better And Better As He Closes In On Prestigious NFL Award"
32726,coby-white-says-chicago-needs-to-add-this-before-the-trade-deadline,news,538,600,62,"Coby White Says Chicago Needs To Add This Before The Trade Deadline"
32722,a-cryptic-message-sparks-new-questions-for-chicagos-offseason,news,246,600,354,"A Cryptic Message Sparks New Questions for Chicago’s Offseason"
32721,eric-bieniemy-finally-spoke-publicly-on-why-he-chose-to-leave-chicago,news,378,600,222,"Eric Bieniemy Finally Spoke Publicly On Why He Chose To Leave Chicago"
32718,myles-garrett-just-gave-up-on-browns-why-trade-to-bears-is-suddenly-in-play,news,403,600,197,"Myles Garrett Just Gave Up On Browns — Why Trade To Bears Is Suddenly In Play"
32719,white-sox-should-make-this-move-to-boost-their-lineup,news,492,600,108,"White Sox Should Make This Move To Boost Their Lineup"
32717,this-white-sox-prospect-owns-two-of-the-best-tools-in-the-minors,news,599,600,1,"This White Sox Prospect Owns Two Of The Best Tools In The Minors"
32715,bears-receive-the-al-harris-news-out-of-pittsburgh-they-were-hoping-for,news,371,600,229,"Bears Receive The Al Harris News Out Of Pittsburgh They Were Hoping For"
32712,indiana-just-fired-a-huge-shot-in-their-bid-to-pry-chicago-bears-from-illinois,news,474,600,126,"Indiana Just Fired A Huge Shot In Their Bid To Pry Chicago Bears From Illinois"
32713,a-potentially-annoying-signing-by-cubs-rival,news,350,600,250,"A Potentially Annoying Signing by Cubs Rival"
32910,cubs-remain-in-mix-for-previous-cy-young-contender,news,556,600,44,"Cubs Remain In Mix for Previous Cy Young Contender"
32909,a-weird-ryan-poles-quirk-may-pinpoint-their-likely-left-tackle-draft-target,news,416,600,184,"A Weird Ryan Poles Quirk May Pinpoint Their Likely Left Tackle Draft Target"
32906,nfl-just-gave-bears-fans-a-sneaky-reason-to-believe-in-austin-booker-next-year,news,490,600,110,"NFL Just Gave Bears Fans A Sneaky Reason To Believe In Austin Booker Next Year"
32907,the-chicago-bulls-are-back-in-the-giannis-antetokounmpo-sweepstakes,news,426,600,174,"The Chicago Bulls Are Back In The Giannis Antetokounmpo Sweepstakes"
32900,the-real-reason-why-derrick-rose-refused-to-recruit-lebron-james,news,585,600,15,"The Real Reason Why Derrick Rose Refused To Recruit LeBron James"
32904,ryan-poles-sent-a-clear-message-by-spying-on-jc-davis-at-the-senior-bowl,news,395,600,205,"Ryan Poles Sent A Clear Message By Spying On JC Davis At The Senior Bowl"
32903,senior-bowl-buzz-missouri-de-zion-young-is-turning-heads-and-he-screams-dennis-allen,news,356,600,244,"Senior Bowl Buzz: Missouri DE Zion Young Is Turning Heads — And He Screams Dennis Allen"
32901,the-chicago-bears-2025-draft-class-set-a-record-unseen-in-60-years,news,360,600,240,"The Chicago Bears 2025 Draft Class Set A Record Unseen In 60 Years"
32898,the-coby-white-ayo-dosunmu-questions-were-just-answered-in-a-major-way,news,523,600,77,"The Coby White, Ayo Dosunmu Questions Were Just Answered In A Major Way"
32897,matas-buzelis-saying-this-about-joining-the-dunk-contest-speaks-volumes,news,477,600,123,"Matas Buzelis Saying This About Joining The Dunk Contest Speaks Volumes"
32899,caleb-williams-quietly-outplayed-drake-maye-in-2025-and-a-new-metric-proves-it,news,373,600,227,"Caleb Williams Quietly Outplayed Drake Maye In 2025 — And A New Metric Proves It"
32895,cubs-intensify-spring-training-competition-with-latest-free-agent-signing,news,432,600,168,"Cubs Intensify Spring Training Competition with Latest Free Agent Signing"
32896,the-chicago-bulls-trade-deadline-plans-have-completely-flipped,news,505,600,95,"The Chicago Bulls Trade Deadline Plans Have Completely Flipped"
32893,justin-steele-speaks-out-and-condemns-national-travesty,news,379,600,221,"Justin Steele Speaks Out and Condemns National Travesty"
32894,seems-the-worst-case-scenario-for-ian-cunningham-is-looming-for-bears,news,404,600,196,"Seems The Worst-Case Scenario For Ian Cunningham Is Looming For Bears"
32892,antwaan-randle-el-had-interesting-comments-on-dj-moore-that-hint-at-wrs-future,news,398,600,202,"Antwaan Randle El Had Interesting Comments On DJ Moore That Hint At WR's Future"
32891,draft-insider-daniel-jeremiah-has-chicago-bears-pulling-a-stunner-in-1st-round,news,476,600,124,"Draft Insider Daniel Jeremiah Has Chicago Bears Pulling A Stunner In 1st Round"
32890,chicagos-rumored-eric-bieniemy-replacement-would-be-a-tremendous-score,news,370,600,230,"Chicago's Rumored Eric Bieniemy Replacement Would Be A Tremendous Score"
32889,how-nahshon-wright-just-helped-bears-chances-at-an-extra-draft-pick,news,420,600,180,"How Nahshon Wright Just Helped Bears' Chances At An Extra Draft Pick"
32979,yankees-sign-former-white-sox-top-30-prospect,news,498,600,102,"Yankees Sign Former White Sox Top-30 Prospect"
32888,this-trade-picking-up-steam-should-worry-all-of-chicago,news,575,600,25,"This Trade Picking Up Steam Should Worry All Of Chicago"
32885,there-is-a-surprising-subplot-to-declan-doyle-returning-to-bears,news,366,600,234,"There Is A Surprising Subplot To Declan Doyle Returning To Bears"
32887,nba-trade-deadline-countdown-kicks-off-with-a-coby-white-update,news,577,600,23,"NBA Trade Deadline Countdown Kicks Off With A Coby White Update"
32886,audio-when-it-comes-to-the-nfl-nobody-knows-anything,news,0,600,600,"Audio: When it Comes to the NFL, Nobody Knows Anything"
32883,clevelands-coaching-search-fiasco-shows-how-far-bears-came-with-ben-johnson,news,383,600,217,"Cleveland’s Coaching Search Fiasco Shows How Far Bears Came With Ben Johnson"
32884,an-unexpected-twist-in-the-bears-coaching-picture,news,272,600,328,"An Unexpected Twist in the Bears Coaching Picture"
32882,this-dj-moore-player-for-player-trade-could-help-bears-solve-a-big-problem,news,367,600,233,"This DJ Moore Player-For-Player Trade Could Help Bears Solve A Big Problem"
32880,how-the-chicago-bears-upcoming-offseason-closely-mirrors-1991,news,428,600,172,"How The Chicago Bears' Upcoming Offseason Closely Mirrors 1991"
32881,vikings-fans-and-players-arent-handling-sam-darnolds-super-bowl-run-well,news,366,600,234,"Vikings Fans And Players Aren't Handling Sam Darnold's Super Bowl Run Well"
32816,one-player-the-bulls-should-prioritize-signing-this-summer,news,465,600,135,"One Player The Bulls Should Prioritize Signing This Summer"
32879,packers-writer-finally-admits-real-reason-fans-hate-ben-johnson-so-much,news,419,600,181,"Packers Writer Finally Admits Real Reason Fans Hate Ben Johnson So Much"
32877,why-if-dennis-allen-has-his-way-kayden-mcdonald-will-be-bears-1st-round-target,news,380,600,220,"Why If Dennis Allen Has His Way, Kayden McDonald Will Be Bears' 1st Round Target"
32878,bears-insider-drops-major-hint-about-cole-kmets-future,news,390,600,210,"Bears Insider Drops Major Hint About Cole Kmet’s Future"
32876,bears-insider-hints-chicago-may-move-on-from-a-key-defensive-star,news,368,600,232,"Bears Insider Hints Chicago May Move On From a Key Defensive Star"
32874,no-one-has-ever-pulled-this-off-before-until-ben-johnson-took-over-the-bears,news,421,600,179,"No One Has Ever Pulled This Off Before… Until Ben Johnson Took Over The Bears"
32867,the-chicago-bears-face-a-few-serious-concerns-regarding-their-25th-overall-pick,news,455,600,145,"The Chicago Bears Face A Few Serious Concerns Regarding Their 25th Overall Pick"
32872,al-harris-to-pittsburgh-why-bears-fans-should-actually-be-relieved-by-this-news,news,367,600,233,"Al Harris To Pittsburgh? Why Bears Fans Should Actually Be Relieved By This News"
32871,nfl-insider-drops-bombshell-why-the-bears-are-targeting-travis-etienne,news,488,600,112,"NFL Insider Drops Bombshell: Why The Bears Are Targeting Travis Etienne"
32870,hidden-details-and-full-schedule-of-derrick-rose-night-in-chicago,news,549,600,51,"Hidden Details And Full Schedule Of Derrick Rose Night In Chicago"
32869,michael-jordan-breaks-his-silence-as-derrick-rose-enters-bulls-immortality,news,425,600,175,"Michael Jordan Breaks His Silence as Derrick Rose Enters Bulls Immortality"
32868,this-bears-2026-offseason-blueprint-includes-a-move-nobody-is-expecting,news,270,600,330,"This Bears 2026 Offseason Blueprint Includes a Move Nobody Is Expect­ing"
32866,bears-insider-confirms-ben-johnson-has-final-personnel-say-and-why-it-creates-a-dilemma,news,406,600,194,"Bears Insider Confirms Ben Johnson Has Final Personnel Say — And Why It Creates A Dilemma"
32862,joakim-noah-delivers-powerful-quote-after-rose-sees-his-banner-for-the-first-time,news,558,600,42,"Joakim Noah Delivers Powerful Quote After Rose Sees His Banner For The First Time"
32835,the-white-sox-are-suddenly-linked-to-a-big-outfield-upgrade,news,527,600,73,"The White Sox Are Suddenly Linked To A Big Outfield Upgrade"
32854,jaquan-brisker-likely-price-tag-revealed-and-why-it-doesnt-help-his-odds-of-staying,news,452,600,148,"Jaquan Brisker's Likely Price Tag Revealed And Why It Doesn't Help His Odds Of Staying"
32863,the-chicago-bears-realistcally-have-two-paths-this-offseason-and-both-carry-risks,news,479,600,121,"The Chicago Bears Realistcally Have Two Paths This Offseason — And Both Carry Risks"
32860,bears-insider-finally-sheds-light-on-ian-cunningham-comp-picks-situation,news,438,600,162,"Bears Insider Finally Sheds Light On Ian Cunningham Comp Picks Situation"
32861,derrick-roses-final-message-to-chicago-before-jersey-retirement-ceremony,news,591,600,9,"Derrick Rose's Final Message To Chicago Before Jersey Retirement Ceremony"
32857,who-is-shad-banks-bears-wisely-spending-loads-of-time-around-young-lb,news,370,600,230,"Who Is Shad Banks? Bears Wisely Spending Loads Of Time Around Young LB"
32859,white-sox-keep-adding-pieces-to-patch-up-ugly-outfield-situation,news,483,600,117,"White Sox Keep Adding Pieces To Patch Up Ugly Outfield Situation"
33701,mackenzie-gore-trade-fallout-confirms-cubs-untouchable-prospect,news,544,600,56,"MacKenzie Gore Trade Fallout Confirms Cubs' Untouchable Prospect"
32834,the-hall-of-fame-continues-to-snub-a-white-sox-legend,news,545,600,55,"The Hall of Fame Continues To Snub A White Sox Legend"
32856,ryan-poles-is-about-to-face-a-test-bears-gms-have-failed-for-the-past-40-years,news,393,600,207,"Ryan Poles Is About To Face A Test Bears GMs Have Failed For The Past 40 Years"
32855,white-sox-land-a-new-closer-with-major-free-agent-signing,news,468,600,132,"White Sox Land A New Closer With Major Free Agent Signing"
32853,insider-intel-bears-weigh-cutting-tremaine-edmunds-as-cap-pressure-mounts,news,407,600,193,"Insider Intel: Bears Weigh Cutting Tremaine Edmunds As Cap Pressure Mounts"
32851,the-white-sox-quietly-signed-a-high-upside-reliever,news,450,600,150,"The White Sox Quietly Signed A High-Upside Reliever"
32844,one-new-name-being-called-untouchable-on-the-bulls,news,587,600,13,"One New Name Being Called Untouchable On The Bulls"
32848,ben-johnson-had-a-chilling-warning-for-bears-players-about-2026-season,news,399,600,201,"Ben Johnson Had A Chilling Warning For Bears Players About 2026 Season"
32847,chicago-bears-return-to-the-playoffs-set-an-nfl-box-office-record,news,374,600,226,"Chicago Bears' Return To The Playoffs Set An NFL Box Office Record"
32846,intel-ben-johnson-is-hoping-to-bring-an-old-friend-onto-bears-coaching-staff,news,391,600,209,"Intel: Ben Johnson Is Hoping To Bring An Old Friend Onto Bears Coaching Staff"
32841,dj-moore-trade-buzz-just-got-real-espn-report-validates-long-building-bears-rumor,news,551,600,49,"DJ Moore Trade Buzz Just Got Real: ESPN Report Validates Long-Building Bears Rumor"
32843,finally-a-positive-injury-update-for-the-chicago-bulls,news,538,600,62,"Finally A Positive Injury Update For The Chicago Bulls"
32842,blackhawks-finally-return-to-full-strength-amid-playoff-chase,news,483,600,117,"Blackhawks Finally Return To Full Strength Amid Playoff Chase"
32840,possible-replacements-ben-johnson-will-target-for-his-coaching-staff,news,407,600,193,"Possible Replacements Ben Johnson Will Target For His Coaching Staff"
32829,heres-what-the-closest-source-to-the-chicago-bulls-says-about-trade-deadline-scenarios,news,595,600,5,"Here's What The Closest Source To The Chicago Bulls Says About Trade Deadline Scenarios"
32838,ryan-poles-latest-comments-suggest-the-bears-are-about-to-go-all-in,news,497,600,103,"Ryan Poles’ Latest Comments Suggest the Bears Are About to Go All-In"
32837,from-hail-mary-to-rams-game-tyrique-stevenson-discipline-issues-resurface,news,372,600,228,"From Hail Mary To Rams Game: Tyrique Stevenson’s Discipline Issues Resurface"
32836,the-dj-moore-question-just-got-murkier-after-ryan-poles-latest-comments,news,466,600,134,"The DJ Moore Question Just Got Murkier After Ryan Poles’ Latest Comments"
32833,ozzy-trapilo-update-from-ryan-poles-just-made-bears-offseason-plans-clear,news,384,600,216,"Ozzy Trapilo Update From Ryan Poles Just Made Bears' Offseason Plans Clear"
32813,an-unexpected-turn-in-nikola-vucevics-trade-deadline-fate,news,588,600,12,"An Unexpected Turn In Nikola Vucevic's Trade Deadline Fate"
32825,craig-counsell-revealed-lineup-change-that-will-please-cubs-fans-in-2026,news,508,600,92,"Craig Counsell Revealed Lineup Change That Will Please Cubs Fans in 2026"
32826,ryan-poles-had-eye-opening-comments-on-plans-for-bears-safety-position,news,430,600,170,"Ryan Poles Had Eye-Opening Comments On Plans For Bears Safety Position"
32823,ben-johnson-called-out-bears-pass-catchers-and-one-name-should-be-nervous,news,431,600,169,"Ben Johnson Called Out Bears' Pass Catchers, And One Name Should Be Nervous"
32822,bears-assistant-coach-drops-hint-about-his-in-future-chicago,news,291,600,309,"Bears Assistant Coach Drops Hint About His In Future Chicago"
32821,espn-report-raises-red-flags-about-jaquan-brisker-future,news,422,600,178,"ESPN Report Raises Red Flags About Jaquan Brisker’s Future"
32815,an-important-detail-was-just-added-in-the-zion-williamson-to-chicago-buzz,news,513,600,87,"An Important Detail Was Just Added In The Zion Williamson To Chicago Buzz"
32817,adam-amin-just-dropped-this-bar-with-caleb-williams-courtside-in-chicago,news,473,600,127,"Adam Amin Just Dropped This Bar With Caleb Williams Courtside In Chicago"
33009,cubs-might-have-gotten-a-real-steal-from-white-sox,news,453,600,147,"Cubs Might Have Gotten a Real Steal from White Sox"
32812,ben-johnson-already-made-his-first-coaching-staff-tweak-and-its-a-puzzler,news,453,600,147,"Ben Johnson Already Made His First Coaching Staff Tweak And It's A Puzzler"
32811,a-disheartening-sign-of-what-chicagos-trade-deadline-will-look-like,news,558,600,42,"A Disheartening Sign Of What Chicago's Trade Deadline Will Look Like"
33010,underrated-white-sox-prospect-breaks-into-top-rankings-for-first-time,news,529,600,71,"Underrated White Sox Prospect Breaks Into Top Rankings For First Time"
33002,two-teams-provide-ryan-poles-with-perfect-blueprint-to-maintain-bears-momentum,news,576,600,24,"Two Teams Provide Ryan Poles With Perfect Blueprint To Maintain Bears' Momentum"
33008,white-sox-minor-latest-minor-league-signing-could-factor-into-bullpen-mix,news,461,600,139,"White Sox Minor Latest Minor League Signing Could Factor Into Bullpen Mix"
33006,bears-fans-will-love-how-caleb-williams-described-his-2026-offseason-priorities,news,433,600,167,"Bears Fans Will Love How Caleb Williams Described His 2026 Offseason Priorities"
33007,what-davante-adams-said-to-caleb-williams-after-the-game-is-going-viral,news,255,600,345,"What Davante Adams Said to Caleb Williams After the Game Is Going Viral"
33005,white-sox-infielder-lands-on-mlb-networks-top-100-list,news,466,600,134,"White Sox Infielder Lands On MLB Network’s Top 100 List"
32993,chicago-bears-were-surprisingly-optimistic-after-playoff-loss-and-the-reason-makes-sense,news,511,600,89,"Chicago Bears Were Surprisingly Optimistic After Playoff Loss — And The Reason Makes Sense"
32980,the-white-sox-quietly-put-together-a-strong-international-signing-class,news,472,600,128,"The White Sox Quietly Put Together A Strong International Signing Class"
32995,why-the-chicago-bears-might-be-more-aggressive-this-offseason-than-you-think,news,534,600,66,"Why The Chicago Bears Might Be More Aggressive This Offseason Than You Think"
32999,chilling-foreshadowing-caleb-williams-predicted-the-mistake-that-ended-the-bears-season,news,418,600,182,"Chilling Foreshadowing: Caleb Williams Predicted The Mistake That Ended The Bears’ Season"
